AircraftMaker,AircraftModel,Capacity
Airbus,A330,293
Boeing,747,496
Boeing,777,440
Airbus,A300,269
Boeing,757,186
Boeing,767,269
McDonnel Douglas,MD11F,298
Airbus,A318,117
Airbus,A319,134
Airbus,A320,164
Airbus,A321,185
Boeing,727,134
Boeing,737,184
McDonnel Douglas,MD-83,172
McDonnel Douglas,MD-88,172
McDonnel Douglas,MD-90,158
Bombardier,CRJ-200,50
Bombardier,CRJ-700,70
Canadair,RJ 100/200,50
Canadair,RJ 900,90
Canadian Regional Jet,700,70
De Havilland Canada,DHC-8,78
Cessna,208 Caravan,9
De Havilland Canada,DHC-3 Turbo Otter,9
Embraer,E120,30
Embraer,EMB-120,19
King Air,200,9
Pilatus,PC-12,9
Piper,PA-31,10
Cessna,207B,5
Piper,PA-34,6
MADEUP,PA-341,6
MADEUP,PA-342,8
MADEUP,PA-343,11
MADEUP,PA-344,15
MADEUP,PA-345,20
MADEUP,PA-346,26
MADEUP,PA-347,33
MADEUP,PA-348,41
MADEUP,PA-349,50
MADEUP,PA-3410,60
MADEUP,PA-3411,71
MADEUP,PA-3412,83
MADEUP,PA-3413,96
MADEUP,PA-3414,110
MADEUP,PA-3415,125
MADEUP,PA-3416,141
MADEUP,PA-3417,158
MADEUP,PA-3418,176
MADEUP,PA-3419,195
MADEUP,PA-3420,215
MADEUP,PA-3421,236
MADEUP,PA-3422,258
MADEUP,PA-3423,281
MADEUP,PA-3424,305
MADEUP,PA-3425,330
MADEUP,PA-3426,356
MADEUP,PA-3427,356
MADEUP,PA-3428,356
MADEUP,PA-3429,356
MADEUP,PA-3430,356
MADEUP,PA-3431,356
MADEUP,PA-3432,356
MADEUP,PA-3433,356
MADEUP,PA-3434,356
MADEUP,PA-3435,356
MADEUP,PA-3436,356
MADEUP,PA-3437,356
MADEUP,PA-3438,356
MADEUP,PA-3439,356
MADEUP,PA-3440,356
MADEUP,PA-3441,356
MADEUP,PA-3442,356
MADEUP,PA-3443,356
MADEUP,PA-3444,356
MADEUP,PA-3445,356
MADEUP,PA-3446,356
MADEUP,PA-3447,356
MADEUP,PA-3448,356
MADEUP,PA-3449,356
MADEUP,PA-3450,356
MADEUP,PA-3451,356
MADEUP,PA-3452,356
MADEUP,PA-3453,356
MADEUP,PA-3454,356
MADEUP,PA-3455,356
MADEUP,PA-3456,356
MADEUP,PA-3457,356
MADEUP,PA-3458,356
MADEUP,PA-3459,356
MADEUP,PA-3460,356
MADEUP,PA-3461,356
MADEUP,PA-3462,356
MADEUP,PA-3463,356
MADEUP,PA-3464,356
MADEUP,PA-3465,356
MADEUP,PA-3466,356
MADEUP,PA-3467,356
MADEUP,PA-3468,356
MADEUP,PA-3469,356
MADEUP,PA-3470,356
MADEUP,PA-3471,356
MADEUP,PA-3472,356
MADEUP,PA-3473,356
MADEUP,PA-3474,356
MADEUP,PA-3475,356
MADEUP,PA-3476,356
MADEUP,PA-3477,356
MADEUP,PA-3478,356
MADEUP,PA-3479,356
MADEUP,PA-3480,356
MADEUP,PA-3481,356
MADEUP,PA-3482,356
MADEUP,PA-3483,356
MADEUP,PA-3484,356
MADEUP,PA-3485,356
MADEUP,PA-3486,356
MADEUP,PA-3487,356
MADEUP,PA-3488,356
MADEUP,PA-3489,356
MADEUP,PA-3490,356
MADEUP,PA-3491,356
MADEUP,PA-3492,356
MADEUP,PA-3493,356
MADEUP,PA-3494,356
MADEUP,PA-3495,356
MADEUP,PA-3496,356
MADEUP,PA-3497,356
MADEUP,PA-3498,356
MADEUP,PA-3499,356
MADEUP,PA-34100,356
MADEUP,PA-34101,356
MADEUP,PA-34102,356
MADEUP,PA-34103,356
MADEUP,PA-34104,356
MADEUP,PA-34105,356
MADEUP,PA-34106,356
MADEUP,PA-34107,356