bookingID,fd_id,fn_id,bookingDate,price,netPrice,Engine,activityDate,p_id,type
1,2017-01-02,496,2016-12-11,678,618,Direct,2016-12-08,Person64@noemail.com,Active
2,2017-01-03,499,2016-12-11,758,698,Direct,2016-12-09,Person75@noemail.com,Active
3,2017-01-21,504,2017-01-03,851,791,Google,2016-12-02,Person172@noemail.com,Active
4,2017-01-04,499,2016-10-13,680,620,Direct,2016-11-15,Person76@noemail.com,Active
5,2017-01-24,501,2017-01-15,1114,1054,Google,2016-12-30,Person148@noemail.com,Cancelled
6,2017-01-17,499,2016-10-26,1441,1381,Google,2016-12-23,Person88@noemail.com,Active
7,2017-01-29,494,2017-01-14,1386,1326,Vacations,2017-01-04,Person13@noemail.com,Active
8,2017-01-09,506,2017-01-02,1148,1088,Expedia,2016-12-15,Person198@noemail.com,Active
9,2017-01-31,501,2016-12-08,1411,1351,Kayak,2016-12-12,Person155@noemail.com,Active
10,2017-01-05,506,2016-11-24,571,511,Expedia,2016-11-16,Person194@noemail.com,Active
11,2017-01-17,496,2016-11-15,1331,1271,Direct,2016-12-23,Person60@noemail.com,Active
12,2017-01-25,501,2016-12-12,1409,1349,Vacations,2016-12-06,Person149@noemail.com,Active
13,2017-01-30,504,2016-12-12,592,532,Vacations,2017-01-05,Person180@noemail.com,Active
14,2017-01-16,499,2017-01-03,1478,1418,Vacations,2016-11-27,Person87@noemail.com,Active
15,2017-01-19,494,2016-11-30,502,442,Expedia,2016-11-30,Person3@noemail.com,Active
16,2017-01-26,501,2016-11-05,1424,1364,Kayak,2017-01-01,Person150@noemail.com,Active
17,2017-01-23,495,2017-01-09,562,502,Direct,2016-12-04,Person51@noemail.com,Cancelled
18,2017-01-02,499,2016-12-20,786,726,Google,2016-11-13,Person74@noemail.com,Active
19,2017-01-29,495,2017-01-05,1256,1196,Kayak,2016-12-10,Person56@noemail.com,Active
20,2017-01-25,504,2016-11-19,891,831,Google,2016-12-06,Person175@noemail.com,Active
21,2017-01-03,501,2016-10-14,901,841,Expedia,2016-12-09,Person127@noemail.com,Active
22,2017-01-20,495,2016-12-03,724,664,Expedia,2016-12-01,Person49@noemail.com,Active
23,2017-01-30,495,2016-11-07,1052,992,Direct,2017-01-05,Person57@noemail.com,Active
24,2017-01-13,494,2016-10-20,1183,1123,Direct,2016-11-24,Person18@noemail.com,Active
25,2017-01-14,502,2016-10-16,901,841,Google,2016-11-25,Person156@noemail.com,Modified
26,2017-01-20,504,2016-11-18,802,742,Direct,2016-12-26,Person171@noemail.com,Active
27,2017-01-17,494,2016-11-28,1302,1242,Expedia,2016-12-23,Person1@noemail.com,Active
28,2017-01-27,499,2016-12-07,587,527,Google,2016-12-08,Person97@noemail.com,Active
29,2017-01-21,495,2016-12-27,1484,1424,Direct,2016-12-02,Person37@noemail.com,Active
30,2017-01-12,499,2016-11-06,856,796,Vacations,2016-11-23,Person84@noemail.com,Active
31,2017-01-07,506,2016-11-06,978,918,Expedia,2016-12-13,Person196@noemail.com,Active
32,2017-01-16,501,2016-12-03,786,726,Vacations,2016-11-27,Person140@noemail.com,Active
33,2017-01-19,504,2017-01-11,893,833,Google,2016-12-25,Person170@noemail.com,Active
34,2017-01-04,494,2016-11-15,1251,1191,Direct,2016-11-15,Person24@noemail.com,Active
35,2017-01-02,494,2016-12-08,691,631,Kayak,2016-11-13,Person22@noemail.com,Active
36,2017-01-10,495,2016-12-26,1335,1275,Vacations,2016-12-16,Person40@noemail.com,Active
37,2017-01-05,500,2016-11-20,1051,991,Vacations,2016-11-16,Person105@noemail.com,Active
38,2017-01-18,495,2016-11-30,1273,1213,Vacations,2016-11-29,Person47@noemail.com,Active
39,2017-01-02,500,2016-12-22,676,616,Direct,2016-12-08,Person102@noemail.com,Active
40,2017-01-03,500,2016-10-29,1209,1149,Expedia,2016-11-14,Person103@noemail.com,Active
41,2017-01-18,500,2016-12-09,1491,1431,Vacations,2016-11-29,Person123@noemail.com,Modified
42,2017-01-06,496,2016-10-30,621,561,Expedia,2016-12-12,Person68@noemail.com,Active
43,2017-01-09,504,2016-11-27,1388,1328,Vacations,2016-12-15,Person162@noemail.com,Active
44,2017-01-15,499,2016-11-28,677,617,Vacations,2016-12-21,Person86@noemail.com,Active
45,2017-01-28,494,2016-11-19,1153,1093,Expedia,2016-12-09,Person12@noemail.com,Active
46,2017-01-03,506,2016-12-27,1311,1251,Kayak,2016-11-14,Person192@noemail.com,Active
47,2017-01-11,495,2016-12-17,1353,1293,Vacations,2016-11-22,Person41@noemail.com,Active
48,2017-01-15,501,2016-12-02,1077,1017,Kayak,2016-11-26,Person139@noemail.com,Active
49,2017-01-10,496,2016-11-08,1242,1182,Vacations,2016-12-16,Person59@noemail.com,Active
50,2017-01-08,506,2017-01-01,553,493,Google,2016-12-14,Person197@noemail.com,Active
51,2017-01-08,496,2016-12-23,1271,1211,Expedia,2016-11-19,Person70@noemail.com,Modified
52,2017-01-21,494,2016-10-28,1321,1261,Google,2016-12-27,Person5@noemail.com,Active
53,2017-01-18,504,2016-12-06,901,841,Vacations,2016-11-29,Person169@noemail.com,Active
54,2017-01-01,500,2016-10-27,1422,1362,Google,2016-11-12,Person101@noemail.com,Active
55,2017-01-06,500,2016-11-03,970,910,Expedia,2016-12-12,Person106@noemail.com,Modified
56,2017-01-11,501,2016-11-08,586,526,Direct,2016-12-17,Person135@noemail.com,Active
57,2017-01-20,499,2016-12-29,743,683,Expedia,2016-12-01,Person91@noemail.com,Active
58,2017-01-22,495,2016-10-30,782,722,Direct,2016-12-28,Person50@noemail.com,Active
59,2017-01-08,499,2016-12-16,1066,1006,Direct,2016-11-19,Person80@noemail.com,Active
60,2017-01-05,499,2016-10-29,856,796,Vacations,2016-12-11,Person77@noemail.com,Active
61,2017-01-06,501,2016-11-23,1098,1038,Google,2016-12-12,Person130@noemail.com,Active
62,2017-01-24,494,2016-10-31,932,872,Google,2016-12-05,Person8@noemail.com,Active
63,2017-01-20,494,2016-12-01,1417,1357,Google,2016-12-01,Person4@noemail.com,Modified
64,2017-01-14,500,2016-11-12,1397,1337,Google,2016-12-20,Person111@noemail.com,Modified
65,2017-01-16,500,2017-01-08,580,520,Vacations,2016-12-22,Person113@noemail.com,Active
66,2017-01-25,494,2017-01-10,933,873,Kayak,2016-12-06,Person9@noemail.com,Active
67,2017-01-22,504,2017-01-04,557,497,Direct,2016-12-28,Person173@noemail.com,Active
68,2017-01-22,501,2016-11-04,1427,1367,Kayak,2016-12-03,Person146@noemail.com,Modified
69,2017-01-01,501,2016-10-12,1054,994,Google,2016-11-12,Person125@noemail.com,Active
70,2017-01-18,494,2017-01-03,1304,1244,Vacations,2016-11-29,Person2@noemail.com,Cancelled
71,2017-01-15,500,2016-12-03,1283,1223,Kayak,2016-12-21,Person112@noemail.com,Cancelled
72,2017-01-30,500,2016-10-08,1305,1245,Direct,2016-12-11,Person121@noemail.com,Modified
73,2017-01-04,496,2016-10-28,925,865,Direct,2016-11-15,Person66@noemail.com,Active
74,2017-01-27,495,2017-01-14,959,899,Expedia,2016-12-08,Person55@noemail.com,Active
75,2017-01-07,499,2016-10-16,874,814,Kayak,2016-11-18,Person79@noemail.com,Active
76,2017-01-09,501,2016-12-31,1469,1409,Expedia,2016-12-15,Person133@noemail.com,Active
77,2017-01-13,495,2016-11-06,610,550,Kayak,2016-12-19,Person43@noemail.com,Active
78,2017-01-07,498,2016-12-08,1259,1199,Vacations,2016-12-13,Person72@noemail.com,Modified
79,2017-01-23,504,2017-01-15,804,744,Direct,2016-12-29,Person174@noemail.com,Cancelled
80,2017-01-21,501,2016-11-03,914,854,Direct,2016-12-27,Person145@noemail.com,Active
81,2017-01-09,495,2016-11-20,649,589,Expedia,2016-12-15,Person39@noemail.com,Active
82,2017-01-11,506,2016-11-10,1114,1054,Expedia,2016-11-22,Person200@noemail.com,Modified
83,2017-01-06,494,2016-12-12,1183,1123,Google,2016-11-17,Person20@noemail.com,Active
84,2017-01-02,506,2016-12-26,1471,1411,Expedia,2016-11-13,Person191@noemail.com,Active
85,2017-01-14,495,2016-11-05,1280,1220,Direct,2016-11-25,Person36@noemail.com,Active
86,2017-01-16,504,2017-01-08,1437,1377,Kayak,2016-11-27,Person168@noemail.com,Modified
87,2017-01-08,505,2016-12-24,1175,1115,Google,2016-11-19,Person189@noemail.com,Active
88,2017-01-27,504,2016-12-09,657,597,Kayak,2017-01-02,Person177@noemail.com,Active
89,2017-01-01,506,2016-12-15,1221,1161,Expedia,2016-11-12,Person190@noemail.com,Modified
90,2017-01-18,499,2017-01-05,893,833,Kayak,2016-11-29,Person89@noemail.com,Active
91,2017-01-20,502,2016-12-30,826,766,Direct,2016-12-26,Person160@noemail.com,Active
92,2017-01-30,501,2016-12-26,1436,1376,Kayak,2016-12-11,Person154@noemail.com,Cancelled
93,2017-01-01,499,2016-12-19,546,486,Expedia,2016-12-07,Person73@noemail.com,Modified
94,2017-01-12,504,2016-11-10,1364,1304,Kayak,2016-12-18,Person164@noemail.com,Active
95,2017-01-02,495,2016-12-08,579,519,Expedia,2016-11-13,Person29@noemail.com,Active
96,2017-01-13,501,2016-10-26,1243,1183,Google,2016-11-24,Person137@noemail.com,Active
97,2017-01-15,495,2016-12-22,867,807,Google,2016-12-21,Person44@noemail.com,Active
98,2017-01-22,500,2017-01-04,1261,1201,Direct,2016-12-28,Person116@noemail.com,Active
99,2017-01-09,499,2016-12-17,1489,1429,Kayak,2016-12-15,Person81@noemail.com,Active
100,2017-01-27,502,2016-10-22,743,683,Vacations,2016-12-08,Person161@noemail.com,Active
101,2017-01-31,494,2017-01-16,612,552,Direct,2017-01-06,Person15@noemail.com,Active
102,2017-01-28,501,2016-12-09,613,553,Google,2017-01-03,Person152@noemail.com,Active
103,2017-01-04,495,2016-12-10,1205,1145,Expedia,2016-11-15,Person31@noemail.com,Modified
104,2017-01-12,494,2016-12-18,1383,1323,Direct,2016-11-23,Person17@noemail.com,Modified
105,2017-01-17,495,2017-01-03,1336,1276,Google,2016-12-23,Person46@noemail.com,Active
106,2017-01-29,500,2016-11-16,1307,1247,Vacations,2016-12-10,Person120@noemail.com,Active
107,2017-01-05,495,2016-10-27,795,735,Direct,2016-11-16,Person32@noemail.com,Cancelled
108,2017-01-01,496,2016-12-18,1316,1256,Google,2016-12-07,Person63@noemail.com,Active
109,2017-01-01,505,2016-12-17,618,558,Google,2016-12-07,Person182@noemail.com,Active
110,2017-01-26,494,2016-11-02,645,585,Direct,2016-12-07,Person10@noemail.com,Active
111,2017-01-22,494,2017-01-07,1153,1093,Vacations,2016-12-03,Person6@noemail.com,Active
112,2017-01-07,501,2016-10-20,1084,1024,Direct,2016-12-13,Person131@noemail.com,Cancelled
113,2017-01-03,496,2016-12-11,1119,1059,Kayak,2016-12-09,Person65@noemail.com,Active
114,2017-01-04,505,2016-10-11,932,872,Vacations,2016-11-15,Person185@noemail.com,Active
115,2017-01-30,499,2016-10-25,1189,1129,Expedia,2016-12-11,Person99@noemail.com,Active
116,2017-01-27,501,2017-01-06,659,599,Expedia,2016-12-08,Person151@noemail.com,Active
117,2017-01-17,501,2016-12-29,1434,1374,Expedia,2016-12-23,Person141@noemail.com,Active
118,2017-01-06,505,2016-12-12,614,554,Expedia,2016-11-17,Person187@noemail.com,Active
119,2017-01-16,495,2016-10-24,530,470,Expedia,2016-12-22,Person45@noemail.com,Active
120,2017-01-10,499,2016-12-28,835,775,Expedia,2016-12-16,Person82@noemail.com,Cancelled
121,2017-01-25,500,2016-10-26,1466,1406,Direct,2016-12-06,Person124@noemail.com,Modified
122,2017-01-14,494,2016-11-25,1120,1060,Google,2016-12-20,Person19@noemail.com,Active
123,2017-01-28,504,2016-10-11,584,524,Vacations,2016-12-09,Person178@noemail.com,Active
124,2017-01-06,506,2016-12-20,1473,1413,Expedia,2016-11-17,Person195@noemail.com,Active
125,2017-01-11,500,2016-12-08,1143,1083,Direct,2016-12-17,Person122@noemail.com,Active
126,2017-01-07,500,2016-12-20,535,475,Direct,2016-12-13,Person107@noemail.com,Active
127,2017-01-29,499,2016-10-09,1209,1149,Google,2016-12-10,Person98@noemail.com,Modified
128,2017-01-14,501,2016-12-01,798,738,Google,2016-11-25,Person138@noemail.com,Active
129,2017-01-23,501,2016-11-20,1417,1357,Google,2016-12-04,Person147@noemail.com,Active
130,2017-01-06,499,2016-10-30,1449,1389,Google,2016-12-12,Person78@noemail.com,Modified
131,2017-01-25,499,2017-01-15,622,562,Expedia,2016-12-06,Person95@noemail.com,Active
132,2017-01-04,506,2016-10-19,1133,1073,Direct,2016-12-10,Person193@noemail.com,Active
133,2017-01-08,497,2016-10-23,1477,1417,Google,2016-11-19,Person71@noemail.com,Active
134,2017-01-19,500,2017-01-01,1128,1068,Expedia,2016-11-30,Person114@noemail.com,Active
135,2017-01-26,499,2016-12-12,1379,1319,Vacations,2016-12-07,Person96@noemail.com,Active
136,2017-01-01,494,2016-10-08,1144,1084,Expedia,2016-12-07,Person21@noemail.com,Active
137,2017-01-09,500,2016-12-22,1295,1235,Kayak,2016-11-20,Person109@noemail.com,Active
138,2017-01-15,494,2016-11-06,747,687,Vacations,2016-12-21,Person27@noemail.com,Active
139,2017-01-28,502,2016-12-28,844,784,Google,2017-01-03,Person158@noemail.com,Active
140,2017-01-07,495,2016-12-23,546,486,Google,2016-11-18,Person34@noemail.com,Active
141,2017-01-04,501,2016-11-20,1285,1225,Direct,2016-11-15,Person128@noemail.com,Active
142,2017-01-24,496,2016-12-12,1283,1223,Vacations,2016-12-30,Person61@noemail.com,Active
143,2017-01-11,494,2016-10-18,1118,1058,Direct,2016-11-22,Person16@noemail.com,Active
144,2017-01-10,501,2016-10-23,1465,1405,Google,2016-11-21,Person134@noemail.com,Cancelled
145,2017-01-24,499,2016-11-02,835,775,Expedia,2016-12-30,Person94@noemail.com,Modified
146,2017-01-08,501,2016-12-30,1189,1129,Google,2016-11-19,Person132@noemail.com,Active
147,2017-01-05,494,2016-10-12,1372,1312,Vacations,2016-11-16,Person25@noemail.com,Modified
148,2017-01-13,504,2016-11-11,1352,1292,Vacations,2016-12-19,Person165@noemail.com,Active
149,2017-01-08,500,2016-12-21,791,731,Kayak,2016-11-19,Person108@noemail.com,Active
150,2017-01-12,501,2016-11-09,1198,1138,Google,2016-12-18,Person136@noemail.com,Active
151,2017-01-28,495,2017-01-13,665,605,Expedia,2017-01-03,Person38@noemail.com,Active
152,2017-01-11,504,2016-11-29,883,823,Kayak,2016-11-22,Person163@noemail.com,Active
153,2017-01-19,499,2016-12-28,1147,1087,Vacations,2016-12-25,Person90@noemail.com,Active
154,2017-01-29,501,2016-10-20,683,623,Direct,2016-12-10,Person153@noemail.com,Active
155,2017-01-29,504,2016-10-12,1365,1305,Google,2017-01-04,Person179@noemail.com,Active
156,2017-01-12,495,2016-11-03,779,719,Kayak,2016-12-18,Person42@noemail.com,Cancelled
157,2017-01-12,500,2016-11-10,1092,1032,Vacations,2016-12-18,Person110@noemail.com,Active
158,2017-01-03,495,2016-12-09,677,617,Expedia,2016-11-14,Person30@noemail.com,Active
159,2017-01-02,505,2016-10-09,1364,1304,Kayak,2016-12-08,Person183@noemail.com,Active
160,2017-01-03,494,2016-12-19,1052,992,Direct,2016-12-09,Person23@noemail.com,Active
161,2017-01-28,500,2016-11-29,1403,1343,Google,2017-01-03,Person119@noemail.com,Active
162,2017-01-08,494,2016-12-14,1347,1287,Kayak,2016-12-14,Person26@noemail.com,Active
163,2017-01-25,495,2016-11-02,1426,1366,Expedia,2016-12-31,Person53@noemail.com,Active
164,2017-01-05,501,2016-12-27,728,668,Vacations,2016-12-11,Person129@noemail.com,Active
165,2017-01-08,495,2016-12-14,693,633,Google,2016-11-19,Person35@noemail.com,Modified
166,2017-01-23,500,2016-11-21,590,530,Vacations,2016-12-04,Person117@noemail.com,Active
167,2017-01-24,495,2017-01-10,1106,1046,Kayak,2016-12-30,Person52@noemail.com,Active
168,2017-01-04,500,2016-12-24,554,494,Vacations,2016-12-10,Person104@noemail.com,Active
169,2017-01-11,499,2016-12-29,793,733,Expedia,2016-11-22,Person83@noemail.com,Active
170,2017-01-05,496,2016-12-13,703,643,Vacations,2016-12-11,Person67@noemail.com,Active
171,2017-01-19,501,2017-01-10,609,549,Vacations,2016-12-25,Person143@noemail.com,Active
172,2017-01-21,500,2016-11-04,560,500,Kayak,2016-12-02,Person115@noemail.com,Active
173,2017-01-13,502,2016-11-04,1201,1141,Direct,2016-11-24,Person159@noemail.com,Active
174,2017-01-21,502,2016-11-02,997,937,Expedia,2016-12-27,Person157@noemail.com,Active
175,2017-01-23,494,2016-11-14,1395,1335,Kayak,2016-12-04,Person7@noemail.com,Modified
176,2017-01-22,499,2016-12-30,1414,1354,Vacations,2016-12-03,Person92@noemail.com,Active
177,2017-01-10,506,2016-11-09,1460,1400,Vacations,2016-11-21,Person199@noemail.com,Active
178,2017-01-05,505,2016-11-16,1209,1149,Vacations,2016-12-11,Person186@noemail.com,Active
179,2017-01-23,499,2016-12-31,771,711,Google,2016-12-04,Person93@noemail.com,Active
180,2017-01-06,495,2016-10-13,912,852,Direct,2016-11-17,Person33@noemail.com,Active
181,2017-01-01,495,2016-11-12,661,601,Direct,2016-12-07,Person28@noemail.com,Active
182,2017-01-08,504,2016-12-24,1476,1416,Vacations,2016-12-14,Person181@noemail.com,Active
183,2017-01-31,496,2016-12-17,504,444,Vacations,2016-12-12,Person62@noemail.com,Modified
184,2017-01-26,495,2017-01-12,754,694,Vacations,2016-12-07,Person54@noemail.com,Active
185,2017-01-20,501,2017-01-11,1289,1229,Kayak,2016-12-01,Person144@noemail.com,Active
186,2017-01-02,501,2016-12-22,954,894,Google,2016-11-13,Person126@noemail.com,Active
187,2017-01-13,499,2016-10-23,685,625,Expedia,2016-12-19,Person85@noemail.com,Active
188,2017-01-15,504,2016-11-13,947,887,Vacations,2016-12-21,Person167@noemail.com,Active
189,2017-01-18,501,2016-10-31,716,656,Kayak,2016-11-29,Person142@noemail.com,Active
190,2017-01-19,495,2016-11-11,1371,1311,Vacations,2016-11-30,Person48@noemail.com,Active
191,2017-01-14,504,2016-12-02,1261,1201,Direct,2016-11-25,Person166@noemail.com,Active
192,2017-01-03,505,2016-10-10,1231,1171,Google,2016-12-09,Person184@noemail.com,Active
193,2017-01-27,494,2016-11-03,660,600,Vacations,2017-01-02,Person11@noemail.com,Active
194,2017-01-26,504,2016-10-08,959,899,Kayak,2017-01-01,Person176@noemail.com,Active
195,2017-01-26,500,2016-11-02,646,586,Google,2016-12-07,Person118@noemail.com,Active
196,2017-01-07,505,2016-10-29,1289,1229,Kayak,2016-11-18,Person188@noemail.com,Active
197,2017-01-30,494,2017-01-15,571,511,Google,2016-12-11,Person14@noemail.com,Active
198,2017-01-07,496,2016-10-15,1394,1334,Direct,2016-11-18,Person69@noemail.com,Active
199,2017-01-31,495,2016-11-01,1468,1408,Kayak,2016-12-12,Person58@noemail.com,Active
200,2017-01-31,499,2016-12-20,1418,1358,Expedia,2016-12-12,Person100@noemail.com,Active