name,email,DOB
Person1,Person1@noemail.com,1983-09-21
Person2,Person2@noemail.com,1974-01-23
Person3,Person3@noemail.com,1970-12-17
Person4,Person4@noemail.com,1989-03-26
Person5,Person5@noemail.com,2001-02-05
Person6,Person6@noemail.com,1967-05-08
Person7,Person7@noemail.com,1961-04-20
Person8,Person8@noemail.com,1991-06-06
Person9,Person9@noemail.com,1995-03-07
Person10,Person10@noemail.com,1982-03-22
Person11,Person11@noemail.com,1988-11-14
Person12,Person12@noemail.com,1962-05-16
Person13,Person13@noemail.com,1962-05-03
Person14,Person14@noemail.com,1971-03-18
Person15,Person15@noemail.com,1974-02-10
Person16,Person16@noemail.com,1979-06-16
Person17,Person17@noemail.com,1995-10-30
Person18,Person18@noemail.com,1986-03-04
Person19,Person19@noemail.com,1977-08-25
Person20,Person20@noemail.com,1986-11-13
Person21,Person21@noemail.com,1971-01-17
Person22,Person22@noemail.com,1962-07-20
Person23,Person23@noemail.com,2002-08-24
Person24,Person24@noemail.com,1998-10-21
Person25,Person25@noemail.com,1973-12-26
Person26,Person26@noemail.com,2003-01-06
Person27,Person27@noemail.com,2003-07-23
Person28,Person28@noemail.com,1970-01-09
Person29,Person29@noemail.com,1995-06-05
Person30,Person30@noemail.com,1961-06-16
Person31,Person31@noemail.com,2001-01-31
Person32,Person32@noemail.com,1983-01-15
Person33,Person33@noemail.com,2002-03-18
Person34,Person34@noemail.com,1972-09-16
Person35,Person35@noemail.com,1995-06-29
Person36,Person36@noemail.com,1990-01-29
Person37,Person37@noemail.com,1979-03-06
Person38,Person38@noemail.com,1991-07-12
Person39,Person39@noemail.com,1979-12-17
Person40,Person40@noemail.com,1965-10-26
Person41,Person41@noemail.com,1987-12-30
Person42,Person42@noemail.com,1997-09-11
Person43,Person43@noemail.com,2002-02-27
Person44,Person44@noemail.com,1963-06-12
Person45,Person45@noemail.com,1977-11-29
Person46,Person46@noemail.com,1964-07-07
Person47,Person47@noemail.com,1972-09-23
Person48,Person48@noemail.com,2004-08-04
Person49,Person49@noemail.com,1987-05-09
Person50,Person50@noemail.com,1966-11-27
Person51,Person51@noemail.com,1975-12-18
Person52,Person52@noemail.com,1969-08-31
Person53,Person53@noemail.com,1970-01-14
Person54,Person54@noemail.com,1978-09-20
Person55,Person55@noemail.com,1970-03-22
Person56,Person56@noemail.com,1982-08-12
Person57,Person57@noemail.com,2001-01-12
Person58,Person58@noemail.com,1979-03-31
Person59,Person59@noemail.com,1989-10-20
Person60,Person60@noemail.com,2004-08-16
Person61,Person61@noemail.com,1973-10-19
Person62,Person62@noemail.com,2003-04-23
Person63,Person63@noemail.com,1976-12-26
Person64,Person64@noemail.com,1995-12-14
Person65,Person65@noemail.com,1978-11-06
Person66,Person66@noemail.com,1997-07-09
Person67,Person67@noemail.com,1965-03-30
Person68,Person68@noemail.com,1983-01-04
Person69,Person69@noemail.com,1989-08-30
Person70,Person70@noemail.com,1988-06-02
Person71,Person71@noemail.com,1961-12-26
Person72,Person72@noemail.com,1998-07-14
Person73,Person73@noemail.com,1968-06-01
Person74,Person74@noemail.com,1983-10-12
Person75,Person75@noemail.com,1968-12-18
Person76,Person76@noemail.com,2004-07-09
Person77,Person77@noemail.com,2006-01-11
Person78,Person78@noemail.com,1960-02-18
Person79,Person79@noemail.com,1998-09-17
Person80,Person80@noemail.com,1991-12-06
Person81,Person81@noemail.com,1990-12-17
Person82,Person82@noemail.com,1979-12-27
Person83,Person83@noemail.com,2004-07-30
Person84,Person84@noemail.com,1970-06-14
Person85,Person85@noemail.com,1976-03-13
Person86,Person86@noemail.com,1975-12-28
Person87,Person87@noemail.com,1964-07-19
Person88,Person88@noemail.com,1965-06-21
Person89,Person89@noemail.com,1971-07-08
Person90,Person90@noemail.com,1978-07-28
Person91,Person91@noemail.com,1969-12-05
Person92,Person92@noemail.com,2000-09-01
Person93,Person93@noemail.com,1987-07-29
Person94,Person94@noemail.com,1971-05-15
Person95,Person95@noemail.com,1960-03-26
Person96,Person96@noemail.com,1976-02-13
Person97,Person97@noemail.com,1962-05-02
Person98,Person98@noemail.com,1963-10-22
Person99,Person99@noemail.com,1967-02-23
Person100,Person100@noemail.com,1977-04-12
Person101,Person101@noemail.com,1994-06-08
Person102,Person102@noemail.com,1973-10-10
Person103,Person103@noemail.com,1982-03-15
Person104,Person104@noemail.com,1995-02-13
Person105,Person105@noemail.com,1992-08-27
Person106,Person106@noemail.com,1967-09-29
Person107,Person107@noemail.com,1973-05-30
Person108,Person108@noemail.com,1995-07-20
Person109,Person109@noemail.com,2001-06-08
Person110,Person110@noemail.com,1984-07-08
Person111,Person111@noemail.com,1997-06-23
Person112,Person112@noemail.com,1978-03-07
Person113,Person113@noemail.com,1976-08-29
Person114,Person114@noemail.com,1964-04-25
Person115,Person115@noemail.com,1997-08-31
Person116,Person116@noemail.com,1970-08-03
Person117,Person117@noemail.com,1974-12-12
Person118,Person118@noemail.com,2002-02-22
Person119,Person119@noemail.com,1980-07-13
Person120,Person120@noemail.com,1995-12-03
Person121,Person121@noemail.com,1983-04-13
Person122,Person122@noemail.com,2007-06-04
Person123,Person123@noemail.com,1971-03-13
Person124,Person124@noemail.com,1967-08-03
Person125,Person125@noemail.com,1991-08-26
Person126,Person126@noemail.com,2003-02-10
Person127,Person127@noemail.com,1998-11-27
Person128,Person128@noemail.com,1983-04-08
Person129,Person129@noemail.com,2001-10-08
Person130,Person130@noemail.com,1993-05-25
Person131,Person131@noemail.com,1960-07-13
Person132,Person132@noemail.com,1960-03-31
Person133,Person133@noemail.com,1992-06-05
Person134,Person134@noemail.com,1983-08-09
Person135,Person135@noemail.com,1971-01-11
Person136,Person136@noemail.com,1977-05-07
Person137,Person137@noemail.com,1998-02-08
Person138,Person138@noemail.com,2003-10-27
Person139,Person139@noemail.com,2005-06-12
Person140,Person140@noemail.com,1973-06-05
Person141,Person141@noemail.com,2004-09-26
Person142,Person142@noemail.com,1971-02-25
Person143,Person143@noemail.com,1991-06-21
Person144,Person144@noemail.com,1989-10-27
Person145,Person145@noemail.com,1979-07-19
Person146,Person146@noemail.com,1999-09-24
Person147,Person147@noemail.com,1990-08-20
Person148,Person148@noemail.com,1991-12-10
Person149,Person149@noemail.com,1991-06-12
Person150,Person150@noemail.com,1986-12-07
Person151,Person151@noemail.com,1960-12-22
Person152,Person152@noemail.com,1986-12-13
Person153,Person153@noemail.com,1988-08-17
Person154,Person154@noemail.com,1994-06-06
Person155,Person155@noemail.com,1994-10-20
Person156,Person156@noemail.com,1991-01-11
Person157,Person157@noemail.com,2007-08-20
Person158,Person158@noemail.com,1992-10-04
Person159,Person159@noemail.com,1986-04-26
Person160,Person160@noemail.com,1980-07-20
Person161,Person161@noemail.com,1971-10-03
Person162,Person162@noemail.com,1965-06-06
Person163,Person163@noemail.com,1962-04-14
Person164,Person164@noemail.com,2002-08-27
Person165,Person165@noemail.com,1963-12-09
Person166,Person166@noemail.com,1986-05-25
Person167,Person167@noemail.com,1986-05-20
Person168,Person168@noemail.com,1966-10-27
Person169,Person169@noemail.com,1997-06-04
Person170,Person170@noemail.com,1975-05-14
Person171,Person171@noemail.com,1995-09-13
Person172,Person172@noemail.com,1981-05-01
Person173,Person173@noemail.com,1962-06-27
Person174,Person174@noemail.com,1998-03-02
Person175,Person175@noemail.com,1999-03-30
Person176,Person176@noemail.com,1965-11-29
Person177,Person177@noemail.com,1995-11-09
Person178,Person178@noemail.com,1985-04-09
Person179,Person179@noemail.com,1971-02-02
Person180,Person180@noemail.com,1984-07-19
Person181,Person181@noemail.com,1981-02-14
Person182,Person182@noemail.com,2000-01-26
Person183,Person183@noemail.com,1977-04-14
Person184,Person184@noemail.com,2007-11-17
Person185,Person185@noemail.com,1983-02-03
Person186,Person186@noemail.com,1995-01-12
Person187,Person187@noemail.com,1968-11-08
Person188,Person188@noemail.com,1961-02-06
Person189,Person189@noemail.com,1964-02-21
Person190,Person190@noemail.com,1982-12-26
Person191,Person191@noemail.com,1984-10-03
Person192,Person192@noemail.com,2002-04-15
Person193,Person193@noemail.com,2003-05-12
Person194,Person194@noemail.com,1961-05-22
Person195,Person195@noemail.com,1964-05-13
Person196,Person196@noemail.com,1967-05-16
Person197,Person197@noemail.com,1984-11-07
Person198,Person198@noemail.com,1998-07-09
Person199,Person199@noemail.com,1960-01-25
Person200,Person200@noemail.com,1992-01-20